review_id,product_name,platform,rating,title,review_text,author,date,verified_purchase
1,Sony WH-1000XM5,Amazon,5,Best noise cancelling headphones I've ever owned,"I upgraded from the XM4 and the noise cancellation is noticeably better. The new design is lighter and more comfortable for long wearing sessions. Sound quality is phenomenal with deep bass and clear mids. Battery life easily gets me through a full work week. Worth every penny.",JohnT_audio,2024-11-15,Yes
2,Sony WH-1000XM5,Amazon,4,Great but not perfect,"Sound quality and ANC are top tier. My only gripe is that the new headband design doesn't fold flat anymore — the XM4 was much more portable. Also the touch controls sometimes register accidental taps. Still the best in class though.",MelanieR,2024-11-10,Yes
3,Sony WH-1000XM5,Amazon,5,Perfect for open office environments,"I work in a noisy open-plan office and these are a lifesaver. The multipoint connection lets me switch between my laptop and phone seamlessly. Call quality is excellent — colleagues say I sound crystal clear on Teams calls.",DevOps_Dave,2024-11-08,Yes
4,Sony WH-1000XM5,Amazon,2,Disappointing build quality for the price,"After 3 months the headband started creaking. For $350+ I expected better materials. The plastic feels cheaper than my old XM3. Sound is good but I'm worried about long-term durability. Sony needs to step up their build quality.",SkepticalBuyer99,2024-11-05,Yes
5,Sony WH-1000XM5,Amazon,5,Audiophile approved,"As someone who's owned Sennheiser HD660S and Beyerdynamic DT990 Pro, I was skeptical of wireless cans. These surprised me. The LDAC codec delivers near-lossless quality and the tuning is balanced without being boring. Highly recommend for critical listening on the go.",AudiophileAnna,2024-10-30,Yes
6,Sony WH-1000XM5,Amazon,3,Good headphones but comfort issues,"Sound and ANC are great. However, the ear cups are too shallow for my ears. After about 90 minutes my ears start hurting because they press against the drivers. I wish Sony made deeper ear cups as an option. Had to return them.",BigEarProblems,2024-10-28,Yes
7,Sony WH-1000XM5,Amazon,4,Solid upgrade from Bose 700,"Switched from Bose 700 and the ANC is significantly better. Wind noise handling improved dramatically with the new design. Battery life is longer too. Only giving 4 stars because the Bose app was more intuitive than Sony's Headphones Connect app.",FormerBoseUser,2024-10-25,Yes
8,Sony WH-1000XM5,Amazon,1,Terrible Bluetooth connectivity,"Constant dropouts when my phone is in my pocket. Tried resetting, updating firmware, everything. Connection to my MacBook is unstable too. Had 3 replacements from Amazon and all had the same issue. Going back to wired headphones.",FrustratedTech,2024-10-22,Yes
9,Sony WH-1000XM5,Amazon,5,Best purchase this year,"These headphones changed how I work. The adaptive noise cancellation adjusts automatically when I walk outside versus sitting at my desk. Speak-to-chat feature is genius — just start talking and the music pauses. Absolutely love them.",RemoteWorkerSam,2024-10-20,Yes
10,Sony WH-1000XM5,Amazon,4,Excellent for travel,"Used these on a 14-hour flight and they were incredible. ANC blocked out most engine noise. Comfortable enough to sleep in. Battery lasted the whole trip with ANC on. The quick charge feature (3 hours from 3 minutes) saved me once at the gate.",FrequentFlyer_K,2024-10-18,Yes
11,Sony WH-1000XM5,Amazon,3,Microphone is mediocre,"Let me be clear: the sound and ANC are outstanding. But the mic quality for calls is just okay. In quiet rooms it's fine, but in a coffee shop or outdoors, the person on the other end complains about background noise. Not ideal for remote workers who take calls in noisy places.",WFH_Manager,2024-10-15,Yes
12,Sony WH-1000XM5,Amazon,5,Replaced my AirPods Max,"Was an AirPods Max user but switched for the better ANC, lighter weight, and USB-C charging. Don't miss the Apple ecosystem integration at all. These pair perfectly with my iPhone via AAC and the app works well on iOS.",AppleConvert,2024-10-12,Yes
13,Sony WH-1000XM5,Amazon,2,Not worth the premium over XM4,"I own the XM4 and honestly the upgrade is marginal. Slightly better ANC, slightly different sound. But you lose the folding design and the price is higher. If you already have XM4s, save your money.",HonestReviewer2024,2024-10-10,Yes
14,Sony WH-1000XM5,Amazon,5,Life changing for ADHD focus,"I have ADHD and these headphones have genuinely improved my productivity. The noise cancellation creates a bubble of silence that helps me concentrate. I pair them with brown noise and I can finally focus for hours. Best tool in my productivity arsenal.",FocusMode_On,2024-10-08,Yes
15,Sony WH-1000XM5,Amazon,4,Great sound held back by the app,"The Sony Headphones Connect app is bloated and slow. Takes forever to load, EQ adjustments lag, and the UI is confusing. The headphones themselves are 5 stars — amazing sound, incredible ANC, great comfort. But the app experience drags it down to 4.",UX_Designer_Mike,2024-10-05,Yes
16,Sony WH-1000XM5,Amazon,5,My wife stole them from me,"Bought these for myself. Wife tried them once and now they're hers. Had to buy a second pair. If that's not a glowing review, I don't know what is. She says the lightweight design is the standout feature compared to our old Bose QC35.",HappyHusband,2024-10-01,Yes
17,Sony WH-1000XM5,Amazon,3,Good but overheating in summer,"During hot days, the ear cups get uncomfortably warm and sweaty. The synthetic leather doesn't breathe at all. In air-conditioned environments they're perfect, but outdoor use in summer is a no-go. Wish Sony offered a mesh/fabric ear pad option.",SummerRunner,2024-09-28,Yes
18,Sony WH-1000XM5,Amazon,4,Best for podcasts and audiobooks,"The voice clarity on these is superb. DSEE Extreme upscaling makes compressed audio sound much better. I listen to 3-4 hours of podcasts daily and these make voices sound natural and present. Bass response is great for music too.",PodcastJunkie,2024-09-25,Yes
19,Sony WH-1000XM5,Amazon,1,Left ear driver failed after 2 months,"Sound started crackling in the left ear after 8 weeks. Then it went completely silent. Sony warranty process was painfully slow — took 3 weeks to get a replacement. For a premium product, the QC should be better. Very disappointed.",QualityControl101,2024-09-22,Yes
20,Sony WH-1000XM5,Amazon,5,Studio monitor quality on the go,"I'm a music producer and I use these for reference listening when traveling. Flat EQ mode is surprisingly accurate. Not a replacement for my Genelec monitors obviously, but for checking mixes on the go, these are unbeatable.",ProducerPete,2024-09-20,Yes
21,Sony WH-1000XM5,Amazon,4,Solid for gaming too,"Low latency mode makes these surprisingly usable for gaming. Used them with my PS5 and the spatial audio is immersive. ANC blocks out the AC and fan noise from my setup. Only wish they had lower latency — there's a tiny delay noticeable in competitive FPS games.",GamerGal_92,2024-09-18,Yes
22,Sony WH-1000XM5,Amazon,2,Headband pressure gives me headaches,"Despite the lighter weight, the clamping force is too much for my head. After 45 minutes I get a headache right at the top of my skull. Tried bending and stretching them but it didn't help enough. Ended up going with Bose QC Ultra which fit much better.",MigraineMarc,2024-09-15,Yes
23,Sony WH-1000XM5,Amazon,5,Made my commute bearable,"NYC subway commuter here. These block out 90% of the screeching and rumbling. I can finally enjoy music and podcasts without cranking the volume to dangerous levels. The transparency mode is great for hearing announcements too.",SubwayRider_NYC,2024-09-12,Yes
24,Sony WH-1000XM5,Amazon,4,Premium feel premium sound,"Unboxing experience was nice. The carrying case is high quality and the headphones feel luxurious. Sound is warm and detailed. ANC is best in class. Only nitpick: I wish the carrying case was slightly smaller since the headphones don't fold anymore.",UnboxerSteve,2024-09-10,Yes
25,Sony WH-1000XM5,Amazon,3,Ambient sound mode needs work,"Noise cancellation is excellent but the ambient/transparency mode sounds artificial and processed compared to AirPods Pro 2. It adds a weird electronic haze to environmental sounds. For the price, I expected better transparency mode.",ComparisonShopper,2024-09-08,Yes
26,Sony WH-1000XM5,Amazon,5,Helped me through grad school,"Wore these 8+ hours a day in the library while writing my dissertation. Comfortable, long battery life, and the ANC kept all distractions at bay. Literally could not have finished my PhD without them. Buying a second pair as backup.",PhDSurvivor,2024-09-05,Yes
27,Sony WH-1000XM5,Amazon,4,Beautiful sound signature,"Warm, slightly V-shaped sound that makes everything enjoyable. Not perfectly flat but that's what makes them fun for casual listening. The LDAC support is a huge plus. Pairing with my Pixel phone gives near-wired quality.",AndroidAudioFan,2024-09-02,Yes
28,Sony WH-1000XM5,Amazon,2,Firmware update bricked my pair,"After updating to firmware 3.0.1 the headphones wouldn't turn on. Had to go through a complicated recovery process involving a USB cable and holding buttons in specific sequences. Not acceptable for a consumer product. Works now but I lost trust.",TechSupportNightmare,2024-08-30,Yes
29,Sony WH-1000XM5,Amazon,5,Perfect gift for a music lover,"Bought these for my daughter's birthday and she absolutely loves them. She's a classical music student and says the instrument separation is remarkable. The lightweight design means she can practice listening for hours without fatigue.",ProudParent,2024-08-28,Yes
30,Sony WH-1000XM5,Amazon,4,Multipoint is a game changer,"Being connected to two devices simultaneously is the feature I didn't know I needed. Watching YouTube on my iPad and instantly taking a call on my phone without touching anything — magical. The switching is seamless about 95% of the time.",MultitaskerPro,2024-08-25,Yes
31,Sony WH-1000XM5,Amazon,3,Color options are boring,"Only black and silver? Come on Sony. The midnight blue XM4 was gorgeous. These feel like they were designed by committee. Performance is great but I want headphones that look as good as they sound. Hopefully limited editions are coming.",FashionableTech,2024-08-22,Yes
32,Sony WH-1000XM5,Amazon,5,Converted me from wired forever,"I was a wired headphone purist for 15 years. Tried these at a store on a whim and was blown away. The convenience of wireless combined with this level of sound quality is incredible. My HD600s are collecting dust now.",WiredConvert,2024-08-20,Yes
33,Sony WH-1000XM5,Amazon,1,Terrible for glasses wearers,"The clamping force presses my glasses frames into my temples painfully. The padding doesn't accommodate glasses at all. Had to return within a week. This is a known issue that Sony refuses to address across multiple generations.",GlassesGang,2024-08-18,Yes
34,Sony WH-1000XM5,Amazon,4,Great ANC slightly sibilant highs,"The noise cancellation is the best I've experienced — better than Bose QC Ultra even. However, there's a slight sibilance on certain tracks with female vocals. A small EQ tweak in the app fixes it but it shouldn't be necessary at this price point.",DetailOriented,2024-08-15,Yes
35,Sony WH-1000XM5,Amazon,5,Business travel essential,"As a management consultant who flies 3x per week, these are non-negotiable carry items. ANC on planes, crystal clear calls with clients, 30 hour battery life that lasts multiple trips. They've paid for themselves many times over.",ConsultantLife,2024-08-12,Yes
36,Sony WH-1000XM5,Amazon,3,Good not great for the gym,"Tried using these for workouts. They're too warm and not sweat resistant at all. They slip when I'm doing intense cardio. Great for light walks and commutes but definitely not workout headphones. Stick with earbuds for the gym.",GymRat_Jake,2024-08-10,Yes
37,Sony WH-1000XM5,Amazon,4,Impressive voice assistant integration,"Google Assistant and Alexa work flawlessly. I can control my smart home, check weather, and manage reminders hands-free. The voice pickup is good enough that I don't have to shout. Love the quick attention mode — just cover the right ear cup.",SmartHomeSam,2024-08-08,Yes
38,Sony WH-1000XM5,Amazon,5,Zero regrets at full price,"I rarely buy electronics at full MSRP but these are worth it. The combination of sound quality, ANC, comfort, and battery life is unmatched. This is my third pair of Sony flagships and they keep getting better. Instant recommendation to anyone who asks.",DayOneBuyer,2024-08-05,Yes
39,Sony WH-1000XM5,Amazon,2,Auto-pause feature is unreliable,"The wear detection sensor constantly thinks I've taken them off. Music pauses randomly mid-song. Apparently hair can trigger the sensor. I had to disable the feature entirely which is frustrating because it should be a useful feature.",CurlyHairCurse,2024-08-02,Yes
40,Sony WH-1000XM5,Amazon,4,Fantastic for working from home,"Working remotely for 3 years and these are the best headphones I've owned for the job. ANC blocks out my neighbor's construction noise. Call quality is good enough for daily standups and client meetings. Comfortable for 6+ hour days.",RemoteDev_Lisa,2024-07-30,Yes
41,Sony WH-1000XM5,Amazon,5,The king is back,"Sony reclaims the throne. Better ANC than Bose QC Ultra. Better sound than Apple AirPods Max. More features than Sennheiser Momentum 4. And at a lower price than most competitors. This is the headphone to beat in 2024.",TechReviewerAI,2024-07-28,Yes
42,Sony WH-1000XM5,Amazon,3,Wish it had wired ANC mode,"When the battery dies, you can use the included cable but ANC turns off. So you're left with passive isolation only which isn't great with the shallow ear cups. Every competitor should support wired+ANC mode like some Bose models do.",PowerUserPat,2024-07-25,Yes
43,Sony WH-1000XM5,Amazon,4,Great for meditation and sleep,"I use these with sleep sounds and meditation apps. The ANC creates complete silence which is perfect for deep meditation. They're comfortable enough to wear lying down if you're on your back. Battery lasts days with this kind of use.",MindfulMark,2024-07-22,Yes
44,Sony WH-1000XM5,Amazon,5,Second pair because first ones lasted 3 years,"My XM5s finally gave out after 3 years of daily heavy use. That's impressive longevity. Immediately bought another pair because nothing else comes close. The only headphone I'm loyal to.",RepeatCustomer,2024-07-20,Yes
45,Sony WH-1000XM5,Amazon,2,Not enough bass for hip-hop,"If you listen to bass-heavy genres, these might disappoint. The default tuning is balanced/neutral which is great for rock and classical but hip-hop and EDM feel anemic. Yes you can boost bass in EQ but then it sounds muddy. Not ideal.",BassHead_Mike,2024-07-18,Yes
46,Sony WH-1000XM5,Amazon,4,Kids love the speak-to-chat,"My 14-year-old never takes headphones off. At least with speak-to-chat, when I call their name the music pauses and I can talk to them. Brilliant feature for parents of teens. Sound quality is excellent according to my kid.",ParentReview,2024-07-15,Yes
47,Sony WH-1000XM5,Amazon,5,Professional musician approved,"I play violin in an orchestra and these are my go-to for practice. The sound reproduction is accurate enough to hear my mistakes. ANC helps me practice in my apartment without hearing my noisy neighbors. Highly recommended for musicians.",ViolinistV,2024-07-12,Yes
48,Sony WH-1000XM5,Amazon,3,Good headphones terrible case design,"The headphones are great. But the new case is awful — it's bigger because the headphones don't fold, and the zipper quality is cheap. My XM4 case was much better. Small detail but it matters for daily carry.",DetailDevil,2024-07-10,Yes
49,Sony WH-1000XM5,Amazon,4,Excellent value at sale price,"Picked these up during Prime Day for $278 and at that price they're an absolute steal. Every feature works as advertised. ANC is class-leading. Sound is rich and detailed. Would be a solid buy even at full price.",DealHunter,2024-07-08,Yes
50,Sony WH-1000XM5,Amazon,5,Noise cancellation is witchcraft,"Genuinely concerned Sony is using dark magic. Sat in a coffee shop with a screaming toddler two tables over and heard absolutely nothing. My partner thought I was ignoring them but I literally could not hear them speaking. ANC is that good.",MagicBeliever,2024-07-05,Yes
