review_id,business_name,platform,rating,review_text,author,date,response_from_owner
1,Bella Napoli Italian Restaurant,Google Maps,5,"Absolutely the best Italian food outside of Italy. The homemade pasta is incredible — you can taste the difference. The carbonara was rich and perfectly seasoned. Service was attentive without being overbearing. We'll definitely be back.",SarahK,2024-12-01,Thank you Sarah! Our chef makes pasta fresh every morning. Hope to see you again soon!
2,Bella Napoli Italian Restaurant,Google Maps,4,"Really good food but the wait time was almost 40 minutes on a Saturday evening even with a reservation. The bruschetta appetizer was delicious and the tiramisu was the best I've had. Just wish they could handle the dinner rush better.",MarkT_foodie,2024-11-28,We appreciate your patience Mark. We're working on improving our Saturday service flow.
3,Bella Napoli Italian Restaurant,Google Maps,5,"Hidden gem! We stumbled in without a reservation on a Tuesday and got seated right away. The margherita pizza was simple perfection — crispy thin crust with fresh mozzarella and basil. The wine list is reasonably priced too. New favorite spot.",WandererJen,2024-11-25,
4,Bella Napoli Italian Restaurant,Google Maps,1,"Terrible experience. Waited 20 minutes to even get water. Our waiter seemed annoyed to be there. The pasta was overcooked and swimming in oil. For $22 a plate I expected much better. Manager didn't seem to care when we complained. Won't return.",AngryDiner42,2024-11-22,We're sorry to hear about your experience. This is not our standard. Please reach out to us directly so we can make it right.
5,Bella Napoli Italian Restaurant,Google Maps,5,"Celebrated our anniversary here and it was magical. They set up a corner table with candles. The four-course tasting menu was exquisite — the lobster ravioli was the highlight. Our waiter Marco was phenomenal and recommended perfect wine pairings.",AnniversaryCouple,2024-11-20,Happy Anniversary! Marco sends his regards. We love hosting special celebrations.
6,Bella Napoli Italian Restaurant,Google Maps,3,"Food is solid but nothing extraordinary. The chicken parm was good — nice and crispy. But the portion sizes are small for the price. Ambiance is nice with the dim lighting and Italian music. Would come back for a date but not for a filling meal.",HonestFoodie,2024-11-18,
7,Bella Napoli Italian Restaurant,Google Maps,4,"Love the outdoor patio seating in summer. Had the seafood linguine and it was loaded with fresh shrimp and clams. The garlic bread is addictive. Only complaint is parking — the lot is tiny and street parking is tough in this area.",PatioLover,2024-11-15,Tip: there's a public garage on Oak Street just one block away!
8,Bella Napoli Italian Restaurant,Google Maps,5,"As an Italian-American from Brooklyn, I'm picky about Italian food. This place passed the test. The Sunday gravy reminded me of my grandmother's. The meatballs are hand-rolled and you can tell. Authentic flavors that are hard to find outside NYC.",BrooklynTony,2024-11-12,Tony that's the highest compliment we could receive! Nonna would be proud.
9,Bella Napoli Italian Restaurant,Google Maps,2,"Overpriced for what you get. $18 for a basic spaghetti bolognese is highway robbery. The sauce tasted like it came from a jar. My wife's salad was mostly iceberg lettuce with a few cherry tomatoes. Bread basket was good though I'll give them that.",BudgetDiner,2024-11-10,
10,Bella Napoli Italian Restaurant,Google Maps,4,"Great gluten-free options! As a celiac, I usually struggle at Italian restaurants. They have a dedicated GF menu and the kitchen takes cross-contamination seriously. The GF penne with vodka sauce was delicious. So grateful for this.",CeliacFoodie,2024-11-08,Thank you for trusting us with your dietary needs. Our kitchen takes allergies very seriously!
11,Bella Napoli Italian Restaurant,Google Maps,5,"The cacio e pepe here is the real deal. Simple ingredients done right — pecorino, black pepper, and perfectly al dente tonnarelli. No cream, no shortcuts. The chef clearly knows traditional Roman cuisine. This dish alone is worth the visit.",PastaSnob,2024-11-05,
12,Bella Napoli Italian Restaurant,Google Maps,3,"Went for lunch on a weekday. The lunch specials are a good deal — $14 for an entree with soup or salad. Food was tasty but the dining room was freezing cold. Had to keep my jacket on the whole meal. Staff was friendly though.",LunchBreakLarry,2024-11-02,Sorry about the temperature! We've had our HVAC looked at and it should be fixed now.
13,Bella Napoli Italian Restaurant,Google Maps,5,"Took my family of 6 here and everyone loved their meal. Kids had the pizza and pasta from the children's menu. Adults tried various dishes. The veal scallopini was melt-in-your-mouth tender. Very family-friendly atmosphere.",FamilyDinnerFran,2024-10-30,
14,Bella Napoli Italian Restaurant,Google Maps,4,"The espresso martini here is one of the best in town. Cocktail menu is creative and well-crafted. Food-wise the burrata appetizer was silky and fresh. Main course risotto was slightly under-seasoned but still enjoyable overall.",CocktailCritic,2024-10-28,
15,Bella Napoli Italian Restaurant,Google Maps,1,"Found a hair in my arrabbiata pasta. When I told the server she just offered to bring a new plate. No apology from management, no discount, nothing. The table next to us also complained about cold food. Standards are slipping here.",GrossedOut,2024-10-25,We sincerely apologize. This is unacceptable. We've reinforced our kitchen hygiene protocols. Please contact us for a complimentary dinner.
16,Bella Napoli Italian Restaurant,Google Maps,5,"Best eggplant parmigiana I've ever had. Lightly breaded and not greasy at all. The house red wine pairs perfectly with it. The staff remembered our names from our last visit which was months ago — that personal touch means a lot.",RegularCustomer,2024-10-22,
17,Bella Napoli Italian Restaurant,Google Maps,4,"Cozy atmosphere with exposed brick walls and candlelight. Feels like you're in a little Italian village. The lasagna is layers of perfection. Took one star off because they don't take reservations for parties under 4 which is annoying for couples.",DateNightDuo,2024-10-20,We've updated our policy — we now accept reservations for parties of 2 as well!
18,Bella Napoli Italian Restaurant,Google Maps,3,"Ordered delivery through their own website. Food arrived lukewarm after 50 minutes. The pizza was soggy — clearly doesn't travel well. I bet it's great dining in but delivery needs serious work. Invest in better packaging.",DeliveryReview,2024-10-18,
19,Bella Napoli Italian Restaurant,Google Maps,5,"The truffle mushroom risotto on the fall special menu was out of this world. Rich and earthy with real truffle shavings. Seasonal menus here are always creative. I come back every few months just to see what's new.",SeasonalFan,2024-10-15,Our winter menu launches next week — you won't want to miss it!
20,Bella Napoli Italian Restaurant,Google Maps,4,"Hosted a birthday dinner for 12 in the private dining room. The fixed menu was well-curated and the staff handled everything smoothly. Only minor issue — one guest's dietary restriction was overlooked initially but they fixed it quickly.",EventPlanner_E,2024-10-12,
21,Bella Napoli Italian Restaurant,Google Maps,5,"I'm a vegetarian and this is my go-to Italian spot. The mushroom ravioli is incredible and they have at least 8 vegetarian options on the regular menu. Not just afterthoughts either — clearly crafted with the same care as meat dishes.",VeggieVictor,2024-10-10,
22,Bella Napoli Italian Restaurant,Google Maps,2,"Went on a Friday night. Excessively loud — couldn't hear my dinner companion across the table. Music was too loud and tables are packed too close together. Food was decent but the dining experience was stressful not relaxing.",NoiseSensitive,2024-10-08,
23,Bella Napoli Italian Restaurant,Google Maps,5,"The osso buco was fall-off-the-bone tender and the gremolata was bright and fresh. Paired it with a Barolo from their wine list — pure bliss. This is fine dining quality at casual dining prices. Chef deserves a Michelin star honestly.",WinePairPaul,2024-10-05,
24,Bella Napoli Italian Restaurant,Google Maps,4,"Quick lunch spot on weekdays. The panini menu is excellent — the prosciutto and mozzarella on ciabatta was simple and delicious. Espresso is legit Italian style. Nice alternative to the chain sandwich shops in the area.",LunchRegular,2024-10-02,
25,Bella Napoli Italian Restaurant,Google Maps,3,"Food quality has been inconsistent on my last 3 visits. First time — amazing. Second time — good. Third time — pasta was overcooked and sauce was bland. Feels like it depends which chef is working. Need more consistency.",ThreeTimesCharlie,2024-09-30,
26,Bella Napoli Italian Restaurant,Google Maps,5,"Brought my Italian mother-in-law here and she approved. That's all you need to know. She even asked for the meatball recipe which she has NEVER done at any other restaurant. Highest possible endorsement.",InLawApproved,2024-09-28,That might be the best review we've ever received!
27,Bella Napoli Italian Restaurant,Google Maps,4,"The limoncello cheesecake is to die for. Dessert menu overall is strong — the panna cotta and cannoli are also excellent. Main courses are solid but the desserts are where this place really shines.",DessertFirst,2024-09-25,
28,Bella Napoli Italian Restaurant,Google Maps,2,"Reservation was for 7:30 but we didn't get seated until 8:15. No explanation or apology. When we finally sat down the server rushed us through courses like they were trying to turn the table. Felt disrespected as a paying customer.",TimeMatters,2024-09-22,
29,Bella Napoli Italian Restaurant,Google Maps,5,"Just had the Sunday brunch and it was spectacular. Unlimited mimosas with fresh-squeezed OJ and the frittata was loaded with fresh vegetables. The French toast with mascarpone was heavenly. Brunch is their best kept secret.",BrunchBabe,2024-09-20,
30,Bella Napoli Italian Restaurant,Google Maps,4,"Came here for a work dinner with clients and it impressed everyone. Professional atmosphere without being stuffy. The prix fixe menu is great for business dinners — takes the decision-making pressure off. Well-paced courses too.",BusinessDinner,2024-09-18,
31,Bella Napoli Italian Restaurant,Google Maps,3,"Good pizza but I've had better in this city. The crust was a bit too charred on the bottom and the sauce was sweeter than I prefer. Toppings were fresh though and the sausage was house-made. Solid 3 stars — good not great.",PizzaPurist,2024-09-15,
32,Bella Napoli Italian Restaurant,Google Maps,5,"The fresh pappardelle with wild boar ragu was the best pasta dish I've ever eaten and I've been to Italy 6 times. The sauce had been slow-cooked for hours — deep complex flavors. Worth driving an hour for this dish alone.",PastaPassion,2024-09-12,
33,Bella Napoli Italian Restaurant,Google Maps,4,"Lovely spot for date night. The intimate lighting and soft background music set the mood perfectly. Food was very good — we shared the antipasto platter and both had risotto. A bit pricey for what it is but the experience is worth it.",DateNightDave,2024-09-10,
34,Bella Napoli Italian Restaurant,Google Maps,1,"Absolutely rude host. We arrived 5 minutes late for our reservation and they gave our table away. No flexibility at all. Other restaurants hold tables for at least 15 minutes. We were treated like we didn't matter. Lost a customer forever.",NeverAgain_01,2024-09-08,We understand your frustration. Our policy is 10 minutes but we could have communicated better. We apologize.
35,Bella Napoli Italian Restaurant,Google Maps,5,"The handmade gnocchi with pesto is pillowy perfection. Light as a cloud. Most gnocchi at other places are dense and gummy but these are the real deal. Clearly made with care. The basil pesto tastes freshly made too.",GnocchiGuru,2024-09-05,
36,Bella Napoli Italian Restaurant,Google Maps,4,"Great wine selection with many options by the glass. The sommelier was knowledgeable and didn't push expensive bottles — recommended a fantastic $40 Chianti that went perfectly with our meal. Refreshing to not get the hard upsell.",WineWatcher,2024-09-02,
37,Bella Napoli Italian Restaurant,Google Maps,3,"The appetizers and desserts are outstanding but the main courses are hit or miss. Had the chicken marsala — sauce was great but chicken was a bit dry. Previous visit the salmon was overcooked too. Midcourse needs attention.",MiddleGroundMike,2024-08-30,
38,Bella Napoli Italian Restaurant,Google Maps,5,"Took my mom here for Mother's Day brunch. The staff went above and beyond — brought out a special dessert with a candle and the whole restaurant sang. Mom was in tears. The food was wonderful but the experience is what we'll always remember.",MothersDayMagic,2024-08-28,
39,Bella Napoli Italian Restaurant,Google Maps,4,"Solid takeout option. Unlike delivery the food stays hot and well-packaged. The spaghetti alla puttanesca travels well. They include real plates worth of portions in the takeout containers. Good value for the quality.",TakeoutTester,2024-08-25,
40,Bella Napoli Italian Restaurant,Google Maps,5,"This is our family's go-to celebration restaurant. Birthdays anniversaries graduations — we always come here. Consistent quality over the 4 years we've been coming. That kind of reliability is rare in the restaurant world.",LoyalFamily,2024-08-22,
